{
    "technical_skills": [
        "Quantitative problem solving",
        "Data analysis and research",
        "Hypothesis testing",
        "Logical reasoning"
    ],
    "soft_skills": [
        "Collaboration",
        "Inclusive teamwork",
        "Effective verbal and written communication",
        "Leadership and mentoring abilities",
        "Adaptability in ambiguous environments"
    ],
    "experience_requirements": [
        "Bachelor’s degree; advanced graduate degree (MBA, PhD) or equivalent experience",
        "Experience leading and driving independent workstreams",
        "Strong analytical experience, especially with quantitative data"
    ],
    "key_responsibilities": [
        "Work in teams of 3-5 consultants to solve client problems",
        "Gather and analyze information, formulate and test hypotheses",
        "Communicate recommendations to client management",
        "Implement solutions collaboratively with client team members",
        "Travel to client site as needed"
    ],
    "education_requirements": [
        "Bachelor’s degree minimum",
        "Advanced graduate degree (MBA, PhD) preferred",
        "Equivalent (5+ years) work experience in relevant fields may substitute"
    ],
    "nice_to_have": [
        "Familiarity with strategy and operations in diverse industries",
        "Experience with global financial markets or consulting background"
    ],
    "job_title": "Associate",
    "department": "Consulting",
    "reporting_structure": "Reports to Engagement Manager and Partners",
    "job_level": "Associate",
    "location_requirements": {
        "primary_location": "Global offices",
        "travel_percentage": "Up to 80% depending on client needs"
    },
    "work_schedule": "Full-time",
    "travel_requirements": "Potentially frequent travel to client locations",
    "compensation": {
        "base_salary_range": "$192,000 USD (US) / $200,000 CAD (Canada)",
        "bonus_eligibility": "Yes, based on performance"
    },
    "benefits": [
        "Medical, dental, and vision coverage",
        "Parental leave and family planning",
        "Retirement contribution plan",
        "Professional development and mentoring",
        "Mental health and wellness support"
    ],
    "tools_and_technologies": [
        "Advanced analytics tools",
        "Spreadsheets",
        "Presentation software"
    ],
    "industry_knowledge": [
        "Financial services",
        "Healthcare systems",
        "Consumer packaged goods",
        "Public sector",
        "Technology, media, and multiple other industries"
    ],
    "certifications_required": [],
    "security_clearance": null,
    "team_size": "3-5 consultants per engagement",
    "key_projects": [
        "Client performance improvement engagements",
        "Strategy formulation and implementation projects"
    ],
    "cross_functional_interactions": [
        "Collaboration with data scientists",
        "Interaction with designers and researchers",
        "Client management and stakeholders"
    ],
    "career_growth": [
        "Frequent mentoring and coaching",
        "Professional development manager to guide staffing and education",
        "Broad exposure to multiple industries"
    ],
    "training_provided": [
        "Onboarding and orientation",
        "Consulting effectiveness training",
        "Ongoing leadership development"
    ],
    "diversity_inclusion": "Strong commitment to equal opportunity and inclusive environment",
    "company_values": [
        "Client impact",
        "Inclusive culture",
        "Professional growth",
        "Integrity",
        "Collaboration"
    ],
    "job_url": "https://www.mckinsey.com/careers/search-jobs/jobs/associate-15178",
    "posting_date": "May 26, 2023",
    "application_deadline": null,
    "special_instructions": [
        "Apply via McKinsey’s career site",
        "Review additional regional requirements if applicable"
    ],
    "match_score": {
        "overall_match": 0.88,
        "technical_skills_match": 0.9,
        "soft_skills_match": 0.85,
        "experience_match": 0.85,
        "education_match": 1.0,
        "industry_match": 0.8,
        "skill_details": [
            {
                "skill_name": "Quantitative problem-solving",
                "required": true,
                "match_level": 0.9,
                "years_experience": 5.0,
                "context_score": 0.9
            },
            {
                "skill_name": "Data / statistical analysis",
                "required": true,
                "match_level": 0.9,
                "years_experience": 5.0,
                "context_score": 0.9
            },
            {
                "skill_name": "Financial / investment domain knowledge",
                "required": false,
                "match_level": 0.8,
                "years_experience": 7.0,
                "context_score": 0.8
            },
            {
                "skill_name": "Communication / presentation",
                "required": true,
                "match_level": 0.85,
                "years_experience": null,
                "context_score": 0.85
            },
            {
                "skill_name": "Leadership / team collaboration",
                "required": true,
                "match_level": 0.85,
                "years_experience": null,
                "context_score": 0.85
            }
        ],
        "strengths": [
            "Advanced education including ongoing PhD and MBA",
            "Strong finance and investment background",
            "Quantitative research and data analysis expertise",
            "Teaching and communication experience"
        ],
        "gaps": [
            "Limited direct consulting project experience",
            "Exposure primarily focused on finance rather than broad-based industries"
        ],
        "scoring_factors": {
            "technical_skills_weight": 0.35,
            "soft_skills_weight": 0.2,
            "experience_weight": 0.25,
            "education_weight": 0.1,
            "industry_weight": 0.1
        }
    },
    "score_explanation": [
        "Strong educational background and quantitative skills match technical requirements well",
        "Soft skills demonstrated through teaching experience and academic collaboration",
        "Relevant industry experience in finance but less exposure to other McKinsey client sectors",
        "Overall score derived from weighted average of technical, soft, experience, education, and industry match"
    ]
}