{
    "content_suggestions": [
        {
            "section": "Professional Summary / Objective",
            "before": "No existing summary focused on consulting strengths",
            "after": "Add a brief summary: “Analytical consultant with expertise in quantitative problem-solving, data analysis, and hypothesis testing, seeking to leverage leadership and collaboration skills to drive impactful client solutions at McKinsey.”",
            "rationale": "Including a concise, tailored summary showcases your consulting readiness and highlights the core skills McKinsey values (problem-solving, leadership, collaboration)."
        },
        {
            "section": "Experience - Fidelity Investments",
            "before": "“Led investment research for assets totaling $2 Billion...”",
            "after": "“Led cross-functional investment research teams overseeing $2B in global fixed income assets, leveraging quantitative analysis and hypothesis testing to optimize portfolio performance and drive client-focused, data-driven decisions.”",
            "rationale": "Reframing highlights collaboration, hypothesis testing, and the ability to implement data-driven approaches, which align with McKinsey’s emphasis on teamwork and problem-solving."
        },
        {
            "section": "Experience - Futures First Info. Services",
            "before": "Discusses trading experience but lacks consulting-oriented language",
            "after": "“Collaborated with an automated trading group to develop correlation-based algorithmic tools, applying logical reasoning and financial modeling to deliver actionable market insights and drive investment strategies.”",
            "rationale": "Shifting language to emphasize collaboration, financial modeling, and analytical insights creates stronger alignment with consulting skill sets, like insight-generation and collaborative problem-solving."
        },
        {
            "section": "Research & Teaching Experience",
            "before": "Heavily focused on academic achievements without explicit ties to consulting scenarios",
            "after": "“Leveraged strong communication and leadership skills to mentor MBA candidates in Financial Analysis and Business Valuation, fostering a collaborative learning environment and applying real-world data interpretation techniques.”",
            "rationale": "Highlighting teaching as leadership and collaboration experience underscores your ability to guide teams, a crucial attribute for client engagements and internal collaboration at McKinsey."
        },
        {
            "section": "Additional Information",
            "before": "“Chartered Financial Analyst; Financial Risk Manager (GARP)... Tools: Stata, Python, Latex”",
            "after": "“Credentials: Chartered Financial Analyst (CFA), Financial Risk Manager (FRM). Skilled in advanced analytics using Stata and Python to drive data-driven insights. Adept at communicating results to stakeholders.”",
            "rationale": "Restructuring this section clarifies your strong technical credentials and ability to present complex information to stakeholders, bridging a key skill set for McKinsey consultant roles."
        }
    ],
    "skills_to_highlight": [
        "Quantitative analysis and statistical modeling",
        "Consulting-oriented communication and presentation",
        "Structured problem-solving and hypothesis testing",
        "Leadership and mentoring in team environments",
        "Collaboration with cross-functional stakeholders"
    ],
    "achievements_to_add": [
        "Led a team-based project demonstrating final recommendations to senior stakeholders in a high-stakes environment",
        "Successfully implemented process improvements that resulted in measurable cost savings or efficiency gains",
        "Developed strategic insights for a new market entry or product launch with immediate impact on firm performance"
    ],
    "keywords_for_ats": [
        "Client engagement",
        "Consulting",
        "Data-driven decision-making",
        "Hypothesis testing",
        "Cross-functional collaboration",
        "Stakeholder management",
        "Strategic analysis",
        "Team leadership",
        "Problem-solving",
        "Financial modeling",
        "Insight generation",
        "Communication skills"
    ],
    "formatting_suggestions": [
        "Create a dedicated 'Consulting Skills' or 'Key Skills' section below education to emphasize relevant strengths for McKinsey.",
        "Use consistent font size and alignment across all section headers for a cleaner look.",
        "Shorten select bullet points in Experience and highlight quantifiable outcomes (e.g., “Increased efficiency 20%...” or “Saved $X million…”).",
        "Use reverse chronological order (most recent experience first) to align with standard resume practices.",
        "Ensure contact information (phone number, email) is clearly listed at the top, keeping it consistent and easy to locate for ATS parsing."
    ]
}